"means","Freq"
"1","1925",1
"2","2422",1
"3","2460",1
"4","2463",1
"5","2526",1
"6","2543",1
"7","2590",1
"8","2595",1
"9","2606",1
"10","2618",1
"11","2628",1
"12","2637",1
"13","2653",1
"14","2657",1
"15","2663",1
"16","2693",1
"17","2697",1
"18","2701",1
"19","2751",1
"20","2754",1
"21","2757",1
"22","2762",1
"23","2776",1
"24","2798",1
"25","2801",2
"26","2804",1
"27","2815",1
"28","2818",1
"29","2819",1
"30","2848",1
"31","2872",1
"32","2873",1
"33","2885",1
"34","2904",1
"35","2917",1
"36","2918",3
"37","2921",1
"38","2924",1
"39","2925",1
"40","2928",1
"41","2930",1
"42","2931",1
"43","2937",1
"44","2943",1
"45","2946",2
"46","2947",1
"47","2949",1
"48","2951",1
"49","2961",1
"50","2965",1
"51","2968",1
"52","2973",1
"53","2975",1
"54","2979",1
"55","2981",1
"56","2990",1
"57","2991",1
"58","2995",1
"59","2996",2
"60","2998",1
"61","3000",1
"62","3003",1
"63","3004",1
"64","3009",1
"65","3014",2
"66","3015",1
"67","3025",2
"68","3027",1
"69","3029",1
"70","3030",2
"71","3038",1
"72","3040",1
"73","3041",1
"74","3048",1
"75","3051",2
"76","3057",1
"77","3058",1
"78","3060",1
"79","3061",2
"80","3071",1
"81","3074",1
"82","3077",1
"83","3078",1
"84","3079",1
"85","3081",1
"86","3084",1
"87","3085",1
"88","3093",1
"89","3095",1
"90","3099",1
"91","3101",1
"92","3108",1
"93","3110",1
"94","3111",1
"95","3112",1
"96","3114",1
"97","3117",2
"98","3118",1
"99","3119",2
"100","3127",1
"101","3128",1
"102","3129",1
"103","3130",1
"104","3131",1
"105","3133",2
"106","3140",1
"107","3141",1
"108","3145",1
"109","3147",1
"110","3150",1
"111","3151",3
"112","3153",2
"113","3156",2
"114","3157",1
"115","3158",1
"116","3164",1
"117","3165",1
"118","3168",1
"119","3169",1
"120","3170",1
"121","3174",1
"122","3176",1
"123","3180",1
"124","3184",1
"125","3186",1
"126","3187",1
"127","3191",3
"128","3193",1
"129","3195",1
"130","3198",1
"131","3201",1
"132","3205",1
"133","3207",2
"134","3209",1
"135","3210",1
"136","3213",1
"137","3215",1
"138","3217",2
"139","3219",2
"140","3220",1
"141","3222",2
"142","3227",2
"143","3229",1
"144","3231",1
"145","3232",1
"146","3233",2
"147","3235",1
"148","3236",1
"149","3239",1
"150","3241",1
"151","3243",1
"152","3248",1
"153","3250",1
"154","3252",3
"155","3253",1
"156","3255",1
"157","3256",1
"158","3258",1
"159","3259",1
"160","3262",2
"161","3266",1
"162","3267",1
"163","3269",1
"164","3272",1
"165","3276",1
"166","3279",1
"167","3280",1
"168","3281",1
"169","3282",2
"170","3283",2
"171","3284",1
"172","3286",1
"173","3289",3
"174","3290",1
"175","3291",1
"176","3299",1
"177","3305",1
"178","3309",1
"179","3310",1
"180","3311",1
"181","3312",2
"182","3318",1
"183","3320",1
"184","3322",1
"185","3324",2
"186","3330",6
"187","3335",1
"188","3337",4
"189","3339",2
"190","3341",2
"191","3343",1
"192","3344",1
"193","3346",1
"194","3347",1
"195","3348",1
"196","3350",1
"197","3351",3
"198","3352",4
"199","3353",1
"200","3354",1
"201","3356",1
"202","3357",1
"203","3358",5
"204","3361",1
"205","3364",1
"206","3365",2
"207","3366",2
"208","3367",2
"209","3368",2
"210","3370",2
"211","3372",1
"212","3373",1
"213","3375",2
"214","3377",1
"215","3378",1
"216","3379",4
"217","3380",3
"218","3383",3
"219","3384",2
"220","3388",1
"221","3389",2
"222","3390",1
"223","3391",2
"224","3393",1
"225","3395",1
"226","3396",2
"227","3397",1
"228","3398",2
"229","3400",2
"230","3402",1
"231","3407",2
"232","3408",1
"233","3411",1
"234","3413",3
"235","3417",2
"236","3418",1
"237","3419",1
"238","3420",1
"239","3422",1
"240","3423",1
"241","3424",1
"242","3426",1
"243","3427",1
"244","3428",2
"245","3431",1
"246","3433",1
"247","3434",1
"248","3435",3
"249","3436",1
"250","3437",1
"251","3438",3
"252","3440",3
"253","3441",2
"254","3443",1
"255","3446",2
"256","3447",1
"257","3448",2
"258","3449",1
"259","3450",1
"260","3452",2
"261","3453",2
"262","3454",1
"263","3457",1
"264","3458",3
"265","3460",2
"266","3462",1
"267","3464",1
"268","3465",1
"269","3470",1
"270","3471",1
"271","3472",2
"272","3475",2
"273","3476",1
"274","3478",2
"275","3479",2
"276","3480",1
"277","3481",1
"278","3482",1
"279","3483",1
"280","3484",1
"281","3485",2
"282","3486",2
"283","3488",1
"284","3489",1
"285","3490",1
"286","3496",1
"287","3497",1
"288","3498",1
"289","3499",1
"290","3500",4
"291","3501",1
"292","3502",2
"293","3503",1
"294","3504",1
"295","3505",2
"296","3506",1
"297","3507",2
"298","3508",2
"299","3509",1
"300","3510",2
"301","3514",2
"302","3515",1
"303","3516",1
"304","3517",1
"305","3519",3
"306","3525",1
"307","3526",1
"308","3528",1
"309","3529",1
"310","3531",2
"311","3533",2
"312","3534",3
"313","3535",1
"314","3536",4
"315","3537",1
"316","3539",2
"317","3541",1
"318","3542",1
"319","3543",2
"320","3544",2
"321","3546",1
"322","3547",2
"323","3550",1
"324","3552",1
"325","3553",1
"326","3555",1
"327","3557",1
"328","3558",2
"329","3559",2
"330","3560",2
"331","3561",1
"332","3563",1
"333","3564",1
"334","3565",2
"335","3566",2
"336","3567",1
"337","3569",1
"338","3570",1
"339","3571",2
"340","3572",1
"341","3573",2
"342","3574",1
"343","3575",3
"344","3576",4
"345","3577",1
"346","3578",3
"347","3580",2
"348","3581",1
"349","3582",3
"350","3583",1
"351","3585",3
"352","3588",5
"353","3589",1
"354","3590",1
"355","3593",1
"356","3594",4
"357","3595",2
"358","3596",1
"359","3599",1
"360","3600",2
"361","3603",2
"362","3604",2
"363","3606",2
"364","3607",1
"365","3609",2
"366","3610",1
"367","3611",3
"368","3612",3
"369","3613",2
"370","3614",1
"371","3615",4
"372","3616",1
"373","3617",4
"374","3618",2
"375","3619",3
"376","3620",2
"377","3621",1
"378","3622",1
"379","3623",1
"380","3625",2
"381","3627",2
"382","3628",2
"383","3629",1
"384","3631",4
"385","3633",1
"386","3634",2
"387","3635",2
"388","3636",2
"389","3638",3
"390","3639",3
"391","3640",1
"392","3641",2
"393","3642",1
"394","3643",2
"395","3644",3
"396","3645",2
"397","3647",4
"398","3648",2
"399","3649",1
"400","3650",3
"401","3651",1
"402","3652",2
"403","3653",1
"404","3654",3
"405","3655",2
"406","3656",3
"407","3658",3
"408","3659",1
"409","3660",2
"410","3661",3
"411","3662",1
"412","3663",4
"413","3664",1
"414","3665",1
"415","3666",1
"416","3667",1
"417","3668",2
"418","3672",2
"419","3673",2
"420","3674",2
"421","3675",3
"422","3677",1
"423","3678",1
"424","3679",2
"425","3684",1
"426","3685",2
"427","3687",1
"428","3688",3
"429","3689",1
"430","3690",1
"431","3691",3
"432","3692",1
"433","3693",3
"434","3694",4
"435","3695",2
"436","3696",1
"437","3697",2
"438","3699",2
"439","3700",1
"440","3703",2
"441","3704",2
"442","3706",1
"443","3707",4
"444","3708",1
"445","3709",4
"446","3710",2
"447","3711",2
"448","3712",2
"449","3713",1
"450","3714",1
"451","3715",3
"452","3716",2
"453","3717",1
"454","3718",2
"455","3719",2
"456","3720",1
"457","3721",3
"458","3722",1
"459","3724",3
"460","3725",1
"461","3726",3
"462","3728",1
"463","3729",2
"464","3730",2
"465","3731",2
"466","3732",2
"467","3734",1
"468","3736",3
"469","3737",1
"470","3738",3
"471","3739",1
"472","3742",1
"473","3744",1
"474","3745",3
"475","3746",4
"476","3747",3
"477","3748",3
"478","3749",3
"479","3750",2
"480","3751",1
"481","3752",3
"482","3753",1
"483","3755",1
"484","3756",4
"485","3757",5
"486","3758",1
"487","3759",2
"488","3760",2
"489","3761",3
"490","3762",3
"491","3763",3
"492","3764",3
"493","3766",4
"494","3767",3
"495","3768",1
"496","3769",1
"497","3770",4
"498","3771",1
"499","3772",2
"500","3773",1
"501","3774",3
"502","3775",1
"503","3776",1
"504","3777",3
"505","3782",1
"506","3783",5
"507","3784",2
"508","3785",10
"509","3786",3
"510","3787",2
"511","3788",2
"512","3789",6
"513","3790",2
"514","3791",3
"515","3792",2
"516","3793",3
"517","3794",1
"518","3795",1
"519","3796",2
"520","3797",1
"521","3799",1
"522","3801",1
"523","3803",1
"524","3804",3
"525","3805",1
"526","3806",4
"527","3807",3
"528","3808",3
"529","3809",4
"530","3810",1
"531","3811",2
"532","3813",1
"533","3814",3
"534","3815",3
"535","3817",3
"536","3818",3
"537","3819",2
"538","3820",2
"539","3821",3
"540","3822",5
"541","3824",2
"542","3825",3
"543","3826",2
"544","3827",1
"545","3828",3
"546","3829",2
"547","3830",5
"548","3831",4
"549","3832",4
"550","3833",1
"551","3834",4
"552","3835",3
"553","3836",2
"554","3837",2
"555","3838",3
"556","3839",2
"557","3841",1
"558","3842",6
"559","3843",2
"560","3844",2
"561","3845",2
"562","3846",1
"563","3847",2
"564","3849",1
"565","3850",5
"566","3851",3
"567","3852",5
"568","3853",7
"569","3854",2
"570","3855",3
"571","3856",2
"572","3858",1
"573","3859",5
"574","3860",2
"575","3861",3
"576","3862",2
"577","3863",2
"578","3865",2
"579","3866",2
"580","3867",4
"581","3868",1
"582","3869",1
"583","3870",2
"584","3871",1
"585","3872",5
"586","3873",1
"587","3874",1
"588","3875",1
"589","3876",5
"590","3877",2
"591","3878",2
"592","3879",4
"593","3880",8
"594","3881",1
"595","3882",2
"596","3883",1
"597","3884",4
"598","3885",1
"599","3886",3
"600","3887",2
"601","3888",2
"602","3889",3
"603","3890",3
"604","3891",1
"605","3892",5
"606","3894",3
"607","3895",2
"608","3896",1
"609","3897",2
"610","3898",2
"611","3899",1
"612","3900",5
"613","3901",4
"614","3902",3
"615","3904",1
"616","3905",3
"617","3906",1
"618","3907",3
"619","3908",2
"620","3909",2
"621","3910",3
"622","3911",2
"623","3912",1
"624","3913",3
"625","3914",4
"626","3915",1
"627","3916",1
"628","3918",4
"629","3919",3
"630","3920",1
"631","3921",4
"632","3922",4
"633","3923",1
"634","3924",3
"635","3925",3
"636","3926",6
"637","3927",3
"638","3928",1
"639","3929",4
"640","3930",1
"641","3931",1
"642","3932",3
"643","3933",2
"644","3934",3
"645","3935",2
"646","3936",2
"647","3937",1
"648","3938",3
"649","3939",2
"650","3940",1
"651","3941",3
"652","3943",2
"653","3944",4
"654","3945",1
"655","3946",3
"656","3947",4
"657","3948",2
"658","3949",4
"659","3950",1
"660","3951",1
"661","3952",2
"662","3953",4
"663","3954",1
"664","3955",1
"665","3956",2
"666","3957",5
"667","3958",3
"668","3959",2
"669","3960",3
"670","3961",1
"671","3962",2
"672","3963",3
"673","3965",2
"674","3966",2
"675","3967",3
"676","3968",3
"677","3969",2
"678","3970",5
"679","3971",6
"680","3972",3
"681","3973",3
"682","3974",3
"683","3976",3
"684","3978",3
"685","3979",6
"686","3980",3
"687","3981",6
"688","3982",8
"689","3983",3
"690","3984",1
"691","3985",3
"692","3986",3
"693","3987",2
"694","3988",4
"695","3989",2
"696","3990",1
"697","3991",3
"698","3992",5
"699","3993",2
"700","3994",3
"701","3995",2
"702","3996",4
"703","3997",2
"704","3998",3
"705","3999",3
"706","4000",3
"707","4001",1
"708","4002",5
"709","4003",6
"710","4004",7
"711","4005",4
"712","4006",5
"713","4007",1
"714","4008",2
"715","4009",4
"716","4010",1
"717","4012",1
"718","4013",3
"719","4014",6
"720","4015",1
"721","4016",3
"722","4017",2
"723","4018",2
"724","4019",2
"725","4020",3
"726","4021",5
"727","4023",1
"728","4025",5
"729","4026",1
"730","4027",2
"731","4028",4
"732","4029",4
"733","4030",3
"734","4031",2
"735","4032",4
"736","4033",3
"737","4034",3
"738","4036",4
"739","4037",1
"740","4038",3
"741","4039",4
"742","4040",9
"743","4041",2
"744","4042",3
"745","4043",5
"746","4044",3
"747","4045",6
"748","4046",1
"749","4047",3
"750","4048",1
"751","4049",3
"752","4050",3
"753","4051",2
"754","4052",2
"755","4053",1
"756","4054",2
"757","4055",3
"758","4056",2
"759","4057",1
"760","4058",2
"761","4059",4
"762","4060",4
"763","4061",3
"764","4062",3
"765","4063",3
"766","4064",2
"767","4065",5
"768","4066",6
"769","4067",1
"770","4068",4
"771","4069",1
"772","4070",2
"773","4072",3
"774","4073",2
"775","4074",4
"776","4075",2
"777","4076",2
"778","4078",3
"779","4079",2
"780","4080",1
"781","4081",3
"782","4082",2
"783","4083",5
"784","4084",2
"785","4085",4
"786","4086",6
"787","4087",3
"788","4088",4
"789","4089",3
"790","4090",1
"791","4091",2
"792","4092",2
"793","4093",3
"794","4094",4
"795","4095",4
"796","4096",3
"797","4097",1
"798","4098",5
"799","4099",4
"800","4100",5
"801","4101",5
"802","4102",3
"803","4103",3
"804","4104",2
"805","4105",4
"806","4107",2
"807","4108",2
"808","4109",2
"809","4110",3
"810","4111",2
"811","4112",5
"812","4113",3
"813","4115",5
"814","4116",4
"815","4117",3
"816","4118",4
"817","4120",4
"818","4121",2
"819","4123",3
"820","4124",2
"821","4125",4
"822","4126",2
"823","4127",5
"824","4128",2
"825","4129",1
"826","4130",2
"827","4131",3
"828","4132",1
"829","4133",6
"830","4134",3
"831","4135",4
"832","4136",4
"833","4137",5
"834","4138",6
"835","4140",2
"836","4141",4
"837","4142",4
"838","4143",6
"839","4144",1
"840","4145",2
"841","4146",1
"842","4147",3
"843","4148",4
"844","4149",3
"845","4150",3
"846","4151",6
"847","4152",5
"848","4153",2
"849","4154",5
"850","4155",5
"851","4157",2
"852","4158",3
"853","4160",2
"854","4161",4
"855","4162",1
"856","4163",3
"857","4164",3
"858","4165",4
"859","4166",5
"860","4167",2
"861","4168",1
"862","4169",5
"863","4170",5
"864","4171",2
"865","4172",2
"866","4173",4
"867","4174",4
"868","4175",5
"869","4176",1
"870","4178",7
"871","4179",3
"872","4180",3
"873","4181",4
"874","4182",3
"875","4183",1
"876","4184",1
"877","4185",2
"878","4186",2
"879","4187",5
"880","4188",5
"881","4189",5
"882","4190",2
"883","4191",6
"884","4192",2
"885","4193",4
"886","4194",1
"887","4195",3
"888","4196",1
"889","4197",2
"890","4199",5
"891","4200",2
"892","4201",4
"893","4202",3
"894","4203",3
"895","4204",6
"896","4205",4
"897","4206",3
"898","4207",2
"899","4208",1
"900","4209",7
"901","4210",5
"902","4211",5
"903","4212",3
"904","4213",4
"905","4214",4
"906","4215",7
"907","4216",2
"908","4217",2
"909","4218",4
"910","4219",5
"911","4220",7
"912","4221",3
"913","4222",4
"914","4223",5
"915","4224",6
"916","4225",4
"917","4226",5
"918","4227",4
"919","4228",2
"920","4229",4
"921","4230",3
"922","4231",3
"923","4232",5
"924","4233",1
"925","4234",3
"926","4235",2
"927","4236",4
"928","4237",2
"929","4238",2
"930","4239",4
"931","4240",3
"932","4241",4
"933","4242",4
"934","4243",3
"935","4244",4
"936","4245",4
"937","4246",3
"938","4247",6
"939","4248",3
"940","4249",2
"941","4250",5
"942","4251",3
"943","4252",2
"944","4253",1
"945","4254",2
"946","4255",3
"947","4256",3
"948","4257",3
"949","4258",4
"950","4259",4
"951","4260",5
"952","4261",7
"953","4262",4
"954","4263",5
"955","4264",4
"956","4265",4
"957","4266",3
"958","4267",4
"959","4268",4
"960","4269",3
"961","4270",2
"962","4271",5
"963","4273",2
"964","4274",2
"965","4275",4
"966","4276",4
"967","4277",7
"968","4278",4
"969","4279",3
"970","4280",4
"971","4281",5
"972","4282",3
"973","4283",3
"974","4284",3
"975","4285",5
"976","4287",2
"977","4288",5
"978","4289",3
"979","4291",2
"980","4292",4
"981","4293",6
"982","4294",1
"983","4295",4
"984","4296",4
"985","4297",1
"986","4298",2
"987","4299",9
"988","4300",3
"989","4301",5
"990","4302",6
"991","4303",1
"992","4304",5
"993","4305",1
"994","4306",6
"995","4307",3
"996","4308",5
"997","4309",3
"998","4310",4
"999","4312",8
"1000","4313",3
"1001","4314",4
"1002","4315",7
"1003","4316",3
"1004","4317",4
"1005","4318",3
"1006","4319",4
"1007","4320",6
"1008","4321",4
"1009","4322",5
"1010","4323",2
"1011","4324",3
"1012","4325",4
"1013","4326",2
"1014","4328",3
"1015","4329",7
"1016","4330",1
"1017","4331",7
"1018","4332",2
"1019","4333",6
"1020","4334",6
"1021","4335",5
"1022","4336",2
"1023","4337",2
"1024","4338",1
"1025","4339",5
"1026","4340",3
"1027","4341",11
"1028","4342",2
"1029","4343",2
"1030","4344",3
"1031","4345",1
"1032","4346",1
"1033","4347",4
"1034","4348",4
"1035","4349",1
"1036","4350",5
"1037","4351",4
"1038","4352",5
"1039","4353",7
"1040","4354",2
"1041","4355",1
"1042","4357",3
"1043","4358",1
"1044","4359",4
"1045","4360",5
"1046","4361",6
"1047","4362",2
"1048","4363",5
"1049","4364",2
"1050","4365",5
"1051","4366",2
"1052","4367",2
"1053","4368",2
"1054","4369",5
"1055","4370",3
"1056","4371",7
"1057","4372",1
"1058","4373",8
"1059","4374",1
"1060","4375",2
"1061","4376",5
"1062","4377",4
"1063","4378",4
"1064","4380",4
"1065","4381",3
"1066","4382",5
"1067","4383",1
"1068","4384",2
"1069","4385",2
"1070","4386",9
"1071","4387",7
"1072","4388",4
"1073","4389",7
"1074","4390",6
"1075","4391",5
"1076","4392",7
"1077","4393",8
"1078","4394",1
"1079","4396",6
"1080","4397",4
"1081","4398",6
"1082","4399",2
"1083","4400",7
"1084","4401",4
"1085","4402",6
"1086","4403",10
"1087","4404",4
"1088","4405",2
"1089","4406",1
"1090","4407",8
"1091","4408",1
"1092","4409",5
"1093","4410",2
"1094","4411",6
"1095","4412",3
"1096","4413",4
"1097","4414",7
"1098","4416",5
"1099","4417",6
"1100","4418",3
"1101","4419",5
"1102","4420",6
"1103","4421",4
"1104","4422",6
"1105","4423",3
"1106","4424",3
"1107","4425",4
"1108","4426",2
"1109","4427",4
"1110","4428",3
"1111","4429",2
"1112","4430",5
"1113","4431",3
"1114","4432",2
"1115","4433",2
"1116","4434",5
"1117","4435",2
"1118","4436",4
"1119","4437",3
"1120","4438",5
"1121","4439",3
"1122","4440",7
"1123","4441",3
"1124","4442",2
"1125","4443",3
"1126","4444",3
"1127","4445",2
"1128","4446",3
"1129","4447",6
"1130","4448",6
"1131","4449",4
"1132","4450",6
"1133","4451",3
"1134","4452",6
"1135","4453",5
"1136","4454",3
"1137","4455",3
"1138","4456",6
"1139","4457",2
"1140","4458",4
"1141","4459",2
"1142","4460",3
"1143","4461",3
"1144","4462",2
"1145","4463",2
"1146","4464",5
"1147","4465",3
"1148","4466",2
"1149","4467",3
"1150","4468",1
"1151","4469",7
"1152","4470",8
"1153","4471",6
"1154","4472",5
"1155","4473",1
"1156","4474",5
"1157","4475",3
"1158","4476",6
"1159","4477",6
"1160","4478",8
"1161","4479",2
"1162","4480",5
"1163","4481",2
"1164","4482",2
"1165","4483",5
"1166","4484",6
"1167","4485",3
"1168","4486",4
"1169","4487",4
"1170","4488",2
"1171","4489",5
"1172","4490",5
"1173","4491",4
"1174","4492",3
"1175","4493",6
"1176","4494",2
"1177","4495",7
"1178","4496",3
"1179","4497",3
"1180","4498",3
"1181","4499",3
"1182","4500",3
"1183","4501",3
"1184","4502",9
"1185","4503",3
"1186","4504",5
"1187","4505",6
"1188","4506",6
"1189","4507",5
"1190","4508",3
"1191","4509",4
"1192","4510",3
"1193","4511",5
"1194","4512",6
"1195","4513",3
"1196","4514",7
"1197","4515",1
"1198","4516",4
"1199","4517",3
"1200","4518",6
"1201","4519",7
"1202","4520",3
"1203","4521",4
"1204","4522",5
"1205","4523",4
"1206","4524",5
"1207","4525",4
"1208","4526",2
"1209","4527",4
"1210","4528",4
"1211","4529",3
"1212","4530",5
"1213","4531",3
"1214","4532",7
"1215","4533",3
"1216","4534",2
"1217","4535",6
"1218","4536",3
"1219","4537",8
"1220","4538",4
"1221","4539",3
"1222","4540",2
"1223","4541",1
"1224","4542",3
"1225","4543",3
"1226","4544",3
"1227","4545",5
"1228","4546",3
"1229","4547",2
"1230","4548",4
"1231","4549",5
"1232","4550",3
"1233","4551",4
"1234","4552",3
"1235","4553",3
"1236","4554",5
"1237","4555",4
"1238","4556",4
"1239","4557",4
"1240","4558",4
"1241","4559",9
"1242","4560",3
"1243","4561",4
"1244","4562",3
"1245","4563",3
"1246","4564",6
"1247","4565",7
"1248","4566",2
"1249","4567",5
"1250","4568",3
"1251","4569",2
"1252","4570",8
"1253","4571",2
"1254","4573",7
"1255","4574",3
"1256","4575",5
"1257","4576",6
"1258","4577",2
"1259","4578",5
"1260","4579",7
"1261","4580",2
"1262","4581",4
"1263","4582",4
"1264","4583",6
"1265","4584",3
"1266","4585",1
"1267","4586",2
"1268","4587",6
"1269","4588",7
"1270","4589",2
"1271","4590",5
"1272","4591",3
"1273","4592",2
"1274","4593",5
"1275","4594",3
"1276","4595",7
"1277","4596",10
"1278","4597",2
"1279","4598",6
"1280","4599",4
"1281","4600",9
"1282","4601",6
"1283","4602",4
"1284","4603",2
"1285","4604",6
"1286","4605",3
"1287","4606",10
"1288","4607",5
"1289","4608",6
"1290","4609",2
"1291","4610",3
"1292","4611",2
"1293","4612",5
"1294","4613",3
"1295","4614",4
"1296","4615",3
"1297","4616",2
"1298","4617",10
"1299","4618",6
"1300","4619",3
"1301","4620",3
"1302","4621",4
"1303","4622",5
"1304","4623",8
"1305","4624",5
"1306","4625",4
"1307","4626",3
"1308","4627",2
"1309","4628",3
"1310","4629",12
"1311","4630",2
"1312","4631",7
"1313","4632",3
"1314","4633",9
"1315","4634",4
"1316","4635",3
"1317","4636",1
"1318","4637",2
"1319","4638",3
"1320","4639",4
"1321","4640",5
"1322","4641",5
"1323","4642",3
"1324","4643",5
"1325","4644",3
"1326","4645",2
"1327","4646",2
"1328","4647",5
"1329","4648",6
"1330","4649",5
"1331","4650",5
"1332","4651",4
"1333","4652",6
"1334","4653",5
"1335","4654",2
"1336","4655",8
"1337","4656",4
"1338","4657",4
"1339","4658",3
"1340","4659",5
"1341","4660",5
"1342","4661",7
"1343","4662",1
"1344","4663",3
"1345","4664",1
"1346","4665",8
"1347","4666",7
"1348","4667",2
"1349","4668",4
"1350","4669",2
"1351","4670",4
"1352","4671",4
"1353","4672",6
"1354","4673",4
"1355","4674",7
"1356","4675",6
"1357","4676",5
"1358","4677",8
"1359","4678",6
"1360","4679",2
"1361","4680",6
"1362","4681",2
"1363","4682",3
"1364","4683",7
"1365","4684",8
"1366","4685",2
"1367","4686",2
"1368","4687",5
"1369","4688",2
"1370","4689",4
"1371","4690",5
"1372","4691",1
"1373","4692",4
"1374","4693",1
"1375","4694",5
"1376","4695",6
"1377","4696",3
"1378","4697",5
"1379","4698",8
"1380","4699",6
"1381","4700",1
"1382","4701",3
"1383","4702",7
"1384","4703",3
"1385","4704",2
"1386","4705",3
"1387","4706",2
"1388","4707",3
"1389","4708",3
"1390","4709",8
"1391","4710",6
"1392","4711",5
"1393","4712",3
"1394","4713",7
"1395","4714",6
"1396","4715",3
"1397","4716",4
"1398","4717",4
"1399","4718",5
"1400","4719",5
"1401","4720",4
"1402","4721",6
"1403","4722",1
"1404","4723",3
"1405","4724",6
"1406","4725",6
"1407","4726",3
"1408","4727",4
"1409","4728",7
"1410","4729",4
"1411","4730",4
"1412","4731",6
"1413","4732",6
"1414","4733",4
"1415","4734",4
"1416","4735",3
"1417","4736",7
"1418","4737",3
"1419","4738",3
"1420","4739",5
"1421","4740",5
"1422","4741",8
"1423","4742",3
"1424","4743",8
"1425","4744",10
"1426","4745",6
"1427","4746",2
"1428","4747",4
"1429","4748",2
"1430","4749",4
"1431","4750",2
"1432","4751",11
"1433","4752",3
"1434","4753",4
"1435","4754",2
"1436","4755",9
"1437","4756",1
"1438","4757",12
"1439","4758",3
"1440","4759",1
"1441","4760",4
"1442","4761",6
"1443","4762",2
"1444","4763",4
"1445","4764",3
"1446","4765",6
"1447","4766",2
"1448","4767",5
"1449","4768",7
"1450","4769",6
"1451","4770",6
"1452","4771",7
"1453","4772",3
"1454","4773",7
"1455","4774",4
"1456","4775",4
"1457","4776",6
"1458","4777",4
"1459","4778",6
"1460","4779",4
"1461","4780",7
"1462","4781",6
"1463","4782",6
"1464","4783",2
"1465","4784",3
"1466","4785",6
"1467","4786",3
"1468","4787",5
"1469","4788",5
"1470","4789",6
"1471","4790",5
"1472","4791",7
"1473","4792",10
"1474","4793",7
"1475","4794",1
"1476","4795",5
"1477","4796",5
"1478","4797",5
"1479","4798",5
"1480","4799",4
"1481","4800",4
"1482","4801",8
"1483","4802",7
"1484","4803",2
"1485","4804",10
"1486","4805",3
"1487","4806",3
"1488","4807",8
"1489","4808",3
"1490","4809",6
"1491","4810",5
"1492","4811",2
"1493","4812",5
"1494","4813",2
"1495","4814",6
"1496","4815",1
"1497","4816",4
"1498","4817",4
"1499","4818",6
"1500","4819",6
"1501","4820",5
"1502","4821",9
"1503","4822",2
"1504","4823",5
"1505","4824",4
"1506","4825",2
"1507","4826",9
"1508","4827",3
"1509","4828",5
"1510","4829",4
"1511","4830",5
"1512","4831",3
"1513","4832",5
"1514","4833",8
"1515","4834",1
"1516","4835",3
"1517","4836",1
"1518","4837",4
"1519","4838",4
"1520","4839",3
"1521","4840",3
"1522","4841",5
"1523","4842",8
"1524","4843",4
"1525","4844",1
"1526","4845",1
"1527","4846",3
"1528","4847",5
"1529","4848",8
"1530","4850",5
"1531","4851",3
"1532","4852",7
"1533","4853",2
"1534","4854",4
"1535","4855",3
"1536","4856",4
"1537","4857",5
"1538","4858",6
"1539","4859",4
"1540","4860",7
"1541","4861",4
"1542","4862",3
"1543","4863",5
"1544","4864",8
"1545","4865",5
"1546","4866",2
"1547","4867",5
"1548","4869",6
"1549","4870",8
"1550","4871",3
"1551","4872",9
"1552","4873",8
"1553","4874",2
"1554","4875",4
"1555","4876",3
"1556","4877",7
"1557","4878",5
"1558","4879",1
"1559","4880",3
"1560","4881",5
"1561","4882",2
"1562","4883",5
"1563","4884",7
"1564","4885",6
"1565","4886",7
"1566","4887",3
"1567","4888",7
"1568","4889",7
"1569","4890",1
"1570","4891",4
"1571","4892",4
"1572","4893",7
"1573","4894",6
"1574","4895",4
"1575","4896",5
"1576","4897",4
"1577","4898",4
"1578","4899",1
"1579","4900",4
"1580","4901",3
"1581","4902",7
"1582","4903",1
"1583","4904",1
"1584","4905",5
"1585","4906",4
"1586","4907",3
"1587","4908",6
"1588","4909",6
"1589","4910",2
"1590","4911",7
"1591","4912",6
"1592","4913",3
"1593","4914",2
"1594","4915",6
"1595","4916",2
"1596","4917",3
"1597","4918",3
"1598","4919",2
"1599","4920",5
"1600","4921",7
"1601","4922",9
"1602","4923",6
"1603","4924",8
"1604","4925",6
"1605","4926",7
"1606","4927",7
"1607","4928",3
"1608","4929",4
"1609","4930",2
"1610","4931",5
"1611","4932",5
"1612","4933",5
"1613","4934",4
"1614","4935",4
"1615","4936",7
"1616","4937",4
"1617","4938",4
"1618","4939",5
"1619","4940",5
"1620","4941",3
"1621","4942",4
"1622","4943",2
"1623","4944",4
"1624","4945",7
"1625","4946",2
"1626","4947",4
"1627","4948",4
"1628","4949",1
"1629","4950",4
"1630","4951",2
"1631","4952",2
"1632","4953",4
"1633","4954",9
"1634","4955",5
"1635","4956",4
"1636","4957",3
"1637","4958",7
"1638","4959",2
"1639","4960",2
"1640","4961",6
"1641","4962",7
"1642","4963",5
"1643","4964",7
"1644","4965",5
"1645","4966",5
"1646","4967",3
"1647","4968",2
"1648","4969",6
"1649","4970",5
"1650","4971",2
"1651","4972",5
"1652","4973",5
"1653","4974",7
"1654","4975",6
"1655","4976",5
"1656","4977",8
"1657","4978",3
"1658","4979",3
"1659","4980",5
"1660","4981",5
"1661","4982",4
"1662","4983",5
"1663","4984",1
"1664","4985",4
"1665","4986",2
"1666","4987",5
"1667","4988",6
"1668","4989",1
"1669","4990",3
"1670","4991",3
"1671","4992",1
"1672","4993",6
"1673","4994",5
"1674","4995",4
"1675","4996",4
"1676","4997",6
"1677","4998",4
"1678","4999",5
"1679","5000",4
"1680","5001",3
"1681","5002",1
"1682","5003",3
"1683","5004",7
"1684","5006",6
"1685","5007",2
"1686","5008",4
"1687","5009",10
"1688","5010",4
"1689","5011",1
"1690","5012",9
"1691","5013",4
"1692","5014",7
"1693","5015",3
"1694","5016",4
"1695","5017",4
"1696","5018",4
"1697","5019",5
"1698","5020",3
"1699","5021",4
"1700","5022",7
"1701","5023",3
"1702","5024",8
"1703","5025",3
"1704","5026",3
"1705","5027",4
"1706","5028",5
"1707","5029",4
"1708","5030",5
"1709","5031",4
"1710","5032",4
"1711","5033",3
"1712","5034",6
"1713","5035",5
"1714","5036",3
"1715","5037",4
"1716","5038",4
"1717","5039",3
"1718","5040",5
"1719","5041",3
"1720","5042",5
"1721","5043",4
"1722","5044",3
"1723","5045",10
"1724","5046",1
"1725","5047",5
"1726","5048",5
"1727","5049",8
"1728","5050",5
"1729","5051",4
"1730","5052",7
"1731","5053",7
"1732","5054",2
"1733","5055",3
"1734","5056",4
"1735","5057",8
"1736","5058",3
"1737","5059",7
"1738","5060",2
"1739","5061",4
"1740","5062",3
"1741","5063",3
"1742","5064",4
"1743","5065",5
"1744","5066",1
"1745","5067",5
"1746","5068",4
"1747","5069",2
"1748","5070",3
"1749","5071",3
"1750","5072",3
"1751","5073",3
"1752","5074",4
"1753","5075",2
"1754","5076",4
"1755","5077",5
"1756","5078",5
"1757","5079",6
"1758","5080",8
"1759","5081",4
"1760","5082",3
"1761","5083",3
"1762","5084",2
"1763","5085",3
"1764","5086",3
"1765","5087",4
"1766","5088",5
"1767","5089",1
"1768","5090",4
"1769","5091",2
"1770","5092",1
"1771","5093",8
"1772","5094",6
"1773","5095",3
"1774","5096",2
"1775","5097",1
"1776","5098",3
"1777","5099",4
"1778","5100",6
"1779","5101",4
"1780","5102",2
"1781","5103",1
"1782","5104",7
"1783","5105",3
"1784","5106",3
"1785","5107",6
"1786","5108",6
"1787","5109",5
"1788","5110",8
"1789","5111",5
"1790","5112",3
"1791","5113",3
"1792","5114",4
"1793","5115",4
"1794","5116",5
"1795","5117",6
"1796","5118",3
"1797","5119",7
"1798","5120",7
"1799","5121",4
"1800","5122",4
"1801","5123",3
"1802","5124",5
"1803","5125",10
"1804","5126",6
"1805","5127",7
"1806","5128",3
"1807","5129",4
"1808","5130",6
"1809","5131",3
"1810","5132",6
"1811","5133",4
"1812","5134",3
"1813","5135",5
"1814","5136",1
"1815","5137",5
"1816","5138",2
"1817","5139",6
"1818","5140",2
"1819","5141",5
"1820","5142",6
"1821","5143",2
"1822","5144",3
"1823","5145",3
"1824","5146",6
"1825","5147",3
"1826","5148",3
"1827","5149",4
"1828","5150",3
"1829","5151",6
"1830","5152",4
"1831","5153",4
"1832","5154",1
"1833","5155",5
"1834","5156",7
"1835","5157",5
"1836","5158",3
"1837","5159",2
"1838","5160",6
"1839","5161",4
"1840","5162",3
"1841","5163",3
"1842","5164",4
"1843","5165",5
"1844","5166",6
"1845","5167",3
"1846","5168",6
"1847","5169",6
"1848","5170",5
"1849","5171",2
"1850","5172",2
"1851","5173",2
"1852","5174",4
"1853","5175",6
"1854","5176",3
"1855","5177",2
"1856","5178",6
"1857","5179",1
"1858","5180",2
"1859","5181",4
"1860","5182",3
"1861","5183",10
"1862","5184",7
"1863","5185",2
"1864","5186",3
"1865","5187",3
"1866","5188",5
"1867","5189",8
"1868","5190",5
"1869","5191",2
"1870","5192",4
"1871","5193",4
"1872","5194",5
"1873","5195",6
"1874","5196",5
"1875","5197",6
"1876","5198",3
"1877","5199",2
"1878","5200",2
"1879","5201",5
"1880","5202",4
"1881","5203",3
"1882","5204",5
"1883","5205",4
"1884","5206",4
"1885","5207",6
"1886","5208",3
"1887","5209",1
"1888","5210",4
"1889","5211",2
"1890","5212",2
"1891","5213",7
"1892","5214",7
"1893","5215",5
"1894","5216",5
"1895","5217",2
"1896","5218",5
"1897","5219",1
"1898","5220",5
"1899","5221",4
"1900","5222",3
"1901","5223",3
"1902","5224",6
"1903","5225",7
"1904","5226",1
"1905","5227",3
"1906","5228",2
"1907","5229",1
"1908","5230",4
"1909","5231",6
"1910","5232",3
"1911","5233",3
"1912","5234",4
"1913","5235",3
"1914","5236",3
"1915","5237",4
"1916","5238",1
"1917","5239",7
"1918","5240",3
"1919","5241",1
"1920","5242",4
"1921","5243",5
"1922","5244",2
"1923","5245",4
"1924","5246",4
"1925","5247",3
"1926","5248",3
"1927","5249",4
"1928","5250",1
"1929","5251",2
"1930","5252",3
"1931","5253",7
"1932","5254",6
"1933","5255",3
"1934","5256",8
"1935","5257",4
"1936","5258",10
"1937","5259",2
"1938","5260",4
"1939","5261",6
"1940","5262",1
"1941","5263",7
"1942","5264",6
"1943","5265",5
"1944","5266",2
"1945","5267",3
"1946","5268",7
"1947","5269",5
"1948","5270",2
"1949","5271",6
"1950","5272",6
"1951","5273",6
"1952","5274",3
"1953","5275",2
"1954","5276",4
"1955","5277",1
"1956","5278",3
"1957","5279",5
"1958","5280",6
"1959","5281",2
"1960","5282",4
"1961","5283",6
"1962","5284",4
"1963","5285",2
"1964","5286",8
"1965","5287",4
"1966","5288",5
"1967","5289",4
"1968","5290",3
"1969","5291",2
"1970","5292",4
"1971","5293",4
"1972","5294",1
"1973","5295",4
"1974","5296",4
"1975","5297",7
"1976","5298",5
"1977","5299",4
"1978","5300",1
"1979","5301",3
"1980","5302",4
"1981","5303",2
"1982","5304",4
"1983","5305",3
"1984","5306",2
"1985","5307",9
"1986","5308",7
"1987","5309",7
"1988","5310",3
"1989","5311",6
"1990","5312",4
"1991","5313",3
"1992","5314",4
"1993","5315",3
"1994","5316",1
"1995","5317",1
"1996","5318",5
"1997","5319",2
"1998","5320",6
"1999","5321",2
"2000","5322",3
"2001","5323",9
"2002","5324",2
"2003","5325",5
"2004","5326",1
"2005","5327",1
"2006","5328",2
"2007","5329",1
"2008","5330",6
"2009","5331",3
"2010","5332",3
"2011","5333",4
"2012","5334",8
"2013","5335",8
"2014","5336",3
"2015","5337",4
"2016","5338",7
"2017","5339",3
"2018","5340",5
"2019","5341",6
"2020","5342",6
"2021","5343",3
"2022","5344",6
"2023","5345",5
"2024","5346",5
"2025","5347",2
"2026","5348",4
"2027","5349",2
"2028","5350",3
"2029","5351",1
"2030","5352",2
"2031","5353",4
"2032","5354",4
"2033","5355",2
"2034","5356",6
"2035","5357",2
"2036","5358",5
"2037","5359",5
"2038","5360",3
"2039","5361",3
"2040","5362",5
"2041","5363",3
"2042","5364",7
"2043","5365",8
"2044","5366",2
"2045","5367",2
"2046","5368",4
"2047","5369",4
"2048","5370",3
"2049","5371",1
"2050","5372",1
"2051","5373",3
"2052","5374",5
"2053","5375",2
"2054","5376",7
"2055","5377",6
"2056","5378",8
"2057","5379",3
"2058","5380",3
"2059","5381",1
"2060","5382",5
"2061","5383",2
"2062","5384",2
"2063","5385",2
"2064","5386",5
"2065","5387",3
"2066","5388",3
"2067","5390",3
"2068","5392",5
"2069","5393",1
"2070","5394",8
"2071","5395",2
"2072","5396",2
"2073","5398",4
"2074","5399",3
"2075","5400",2
"2076","5401",6
"2077","5402",1
"2078","5403",5
"2079","5404",3
"2080","5405",3
"2081","5406",2
"2082","5407",7
"2083","5409",1
"2084","5410",4
"2085","5411",1
"2086","5412",4
"2087","5413",2
"2088","5414",4
"2089","5415",6
"2090","5416",5
"2091","5417",5
"2092","5418",3
"2093","5419",6
"2094","5420",4
"2095","5421",5
"2096","5422",1
"2097","5423",4
"2098","5424",2
"2099","5425",3
"2100","5426",3
"2101","5427",6
"2102","5428",4
"2103","5429",2
"2104","5430",3
"2105","5431",4
"2106","5432",7
"2107","5433",5
"2108","5434",4
"2109","5435",5
"2110","5436",5
"2111","5437",5
"2112","5438",7
"2113","5439",4
"2114","5440",3
"2115","5441",2
"2116","5442",4
"2117","5443",1
"2118","5445",6
"2119","5446",5
"2120","5447",3
"2121","5448",2
"2122","5449",5
"2123","5450",3
"2124","5451",3
"2125","5452",7
"2126","5453",5
"2127","5454",2
"2128","5455",2
"2129","5456",7
"2130","5457",2
"2131","5458",1
"2132","5459",4
"2133","5460",2
"2134","5461",3
"2135","5462",4
"2136","5464",4
"2137","5465",1
"2138","5466",3
"2139","5467",4
"2140","5468",3
"2141","5469",6
"2142","5470",3
"2143","5471",2
"2144","5472",5
"2145","5473",3
"2146","5474",5
"2147","5475",3
"2148","5476",2
"2149","5477",2
"2150","5478",5
"2151","5479",1
"2152","5480",6
"2153","5481",3
"2154","5482",2
"2155","5483",2
"2156","5484",2
"2157","5485",1
"2158","5486",2
"2159","5487",3
"2160","5488",2
"2161","5489",3
"2162","5490",4
"2163","5491",2
"2164","5492",1
"2165","5494",2
"2166","5495",3
"2167","5496",2
"2168","5497",2
"2169","5498",4
"2170","5499",1
"2171","5500",4
"2172","5501",5
"2173","5502",2
"2174","5504",6
"2175","5505",4
"2176","5506",5
"2177","5507",2
"2178","5508",2
"2179","5509",4
"2180","5510",3
"2181","5511",7
"2182","5512",4
"2183","5513",5
"2184","5514",1
"2185","5515",7
"2186","5516",4
"2187","5517",4
"2188","5518",3
"2189","5519",5
"2190","5520",4
"2191","5521",3
"2192","5522",3
"2193","5523",3
"2194","5524",3
"2195","5525",3
"2196","5526",3
"2197","5527",6
"2198","5528",2
"2199","5529",4
"2200","5530",5
"2201","5531",1
"2202","5532",2
"2203","5533",4
"2204","5534",4
"2205","5535",4
"2206","5536",3
"2207","5537",3
"2208","5538",3
"2209","5539",5
"2210","5540",2
"2211","5541",4
"2212","5542",4
"2213","5543",6
"2214","5544",2
"2215","5545",4
"2216","5546",1
"2217","5547",3
"2218","5548",4
"2219","5549",3
"2220","5550",2
"2221","5551",3
"2222","5552",6
"2223","5553",3
"2224","5554",5
"2225","5555",6
"2226","5556",5
"2227","5557",4
"2228","5559",4
"2229","5560",4
"2230","5561",7
"2231","5562",4
"2232","5563",3
"2233","5564",3
"2234","5565",4
"2235","5566",2
"2236","5567",4
"2237","5568",4
"2238","5569",5
"2239","5570",2
"2240","5571",3
"2241","5572",3
"2242","5573",5
"2243","5574",4
"2244","5575",2
"2245","5577",1
"2246","5580",4
"2247","5581",2
"2248","5582",3
"2249","5583",2
"2250","5584",5
"2251","5585",4
"2252","5586",3
"2253","5587",6
"2254","5588",2
"2255","5589",2
"2256","5590",2
"2257","5591",1
"2258","5592",4
"2259","5593",3
"2260","5594",4
"2261","5595",3
"2262","5596",2
"2263","5597",3
"2264","5598",5
"2265","5599",1
"2266","5600",2
"2267","5601",1
"2268","5602",2
"2269","5603",4
"2270","5604",2
"2271","5605",1
"2272","5606",3
"2273","5607",6
"2274","5609",2
"2275","5611",3
"2276","5612",2
"2277","5613",3
"2278","5614",1
"2279","5615",7
"2280","5616",1
"2281","5617",5
"2282","5618",6
"2283","5619",2
"2284","5620",3
"2285","5621",2
"2286","5622",2
"2287","5623",3
"2288","5624",2
"2289","5625",5
"2290","5626",7
"2291","5627",1
"2292","5628",3
"2293","5629",6
"2294","5630",4
"2295","5631",5
"2296","5632",4
"2297","5633",2
"2298","5634",4
"2299","5635",3
"2300","5636",3
"2301","5637",4
"2302","5638",2
"2303","5639",2
"2304","5640",4
"2305","5641",1
"2306","5642",5
"2307","5643",6
"2308","5644",1
"2309","5645",3
"2310","5646",1
"2311","5647",3
"2312","5648",4
"2313","5649",1
"2314","5650",6
"2315","5651",3
"2316","5652",2
"2317","5653",4
"2318","5654",3
"2319","5655",4
"2320","5656",3
"2321","5658",6
"2322","5660",1
"2323","5661",3
"2324","5662",3
"2325","5663",4
"2326","5665",4
"2327","5666",1
"2328","5667",4
"2329","5668",2
"2330","5669",1
"2331","5670",2
"2332","5671",6
"2333","5672",6
"2334","5673",3
"2335","5674",2
"2336","5675",4
"2337","5676",4
"2338","5677",5
"2339","5678",2
"2340","5679",2
"2341","5681",4
"2342","5682",3
"2343","5683",3
"2344","5684",2
"2345","5685",3
"2346","5686",3
"2347","5687",1
"2348","5688",1
"2349","5689",5
"2350","5690",1
"2351","5691",2
"2352","5692",1
"2353","5693",1
"2354","5694",1
"2355","5695",5
"2356","5696",5
"2357","5697",2
"2358","5698",4
"2359","5699",2
"2360","5700",5
"2361","5701",4
"2362","5702",4
"2363","5703",2
"2364","5704",3
"2365","5705",4
"2366","5706",2
"2367","5707",7
"2368","5709",4
"2369","5711",1
"2370","5712",2
"2371","5713",5
"2372","5714",3
"2373","5715",1
"2374","5716",3
"2375","5717",5
"2376","5718",1
"2377","5719",3
"2378","5720",3
"2379","5721",1
"2380","5722",1
"2381","5723",3
"2382","5724",2
"2383","5725",3
"2384","5726",3
"2385","5727",4
"2386","5728",4
"2387","5729",4
"2388","5730",4
"2389","5731",2
"2390","5732",3
"2391","5733",2
"2392","5734",5
"2393","5735",2
"2394","5738",1
"2395","5739",2
"2396","5740",3
"2397","5741",4
"2398","5742",1
"2399","5744",3
"2400","5745",1
"2401","5746",5
"2402","5748",5
"2403","5749",1
"2404","5750",3
"2405","5751",3
"2406","5752",2
"2407","5753",2
"2408","5754",1
"2409","5755",1
"2410","5756",1
"2411","5757",2
"2412","5758",3
"2413","5759",7
"2414","5760",1
"2415","5761",1
"2416","5762",8
"2417","5763",4
"2418","5764",3
"2419","5765",4
"2420","5766",1
"2421","5767",2
"2422","5769",1
"2423","5770",3
"2424","5771",5
"2425","5772",1
"2426","5773",3
"2427","5774",7
"2428","5776",2
"2429","5777",4
"2430","5778",3
"2431","5779",1
"2432","5780",3
"2433","5781",5
"2434","5782",1
"2435","5783",3
"2436","5784",1
"2437","5785",5
"2438","5786",4
"2439","5788",1
"2440","5789",3
"2441","5790",3
"2442","5791",2
"2443","5792",3
"2444","5794",5
"2445","5795",1
"2446","5796",3
"2447","5797",3
"2448","5798",4
"2449","5799",3
"2450","5800",4
"2451","5801",5
"2452","5802",2
"2453","5803",2
"2454","5804",2
"2455","5805",5
"2456","5806",1
"2457","5807",2
"2458","5808",2
"2459","5809",2
"2460","5810",4
"2461","5811",3
"2462","5812",1
"2463","5813",4
"2464","5814",2
"2465","5815",3
"2466","5816",2
"2467","5817",1
"2468","5818",2
"2469","5819",1
"2470","5820",2
"2471","5821",6
"2472","5822",4
"2473","5823",4
"2474","5824",5
"2475","5825",1
"2476","5826",2
"2477","5827",2
"2478","5828",2
"2479","5829",1
"2480","5830",1
"2481","5831",4
"2482","5832",4
"2483","5833",2
"2484","5834",7
"2485","5835",1
"2486","5836",10
"2487","5837",2
"2488","5838",5
"2489","5839",3
"2490","5840",4
"2491","5841",5
"2492","5843",2
"2493","5844",1
"2494","5845",3
"2495","5846",5
"2496","5847",2
"2497","5848",3
"2498","5850",2
"2499","5851",5
"2500","5852",4
"2501","5853",1
"2502","5854",1
"2503","5855",2
"2504","5856",4
"2505","5857",1
"2506","5858",2
"2507","5859",4
"2508","5860",4
"2509","5861",4
"2510","5862",7
"2511","5863",1
"2512","5864",3
"2513","5865",2
"2514","5866",5
"2515","5867",2
"2516","5868",1
"2517","5869",1
"2518","5870",3
"2519","5871",2
"2520","5872",3
"2521","5873",1
"2522","5874",5
"2523","5875",3
"2524","5876",3
"2525","5877",5
"2526","5878",1
"2527","5879",1
"2528","5880",4
"2529","5881",6
"2530","5882",3
"2531","5883",2
"2532","5884",3
"2533","5885",2
"2534","5887",3
"2535","5889",4
"2536","5891",2
"2537","5892",3
"2538","5893",4
"2539","5894",3
"2540","5895",2
"2541","5897",2
"2542","5898",1
"2543","5899",4
"2544","5900",3
"2545","5901",3
"2546","5902",4
"2547","5903",1
"2548","5904",1
"2549","5905",1
"2550","5906",2
"2551","5908",5
"2552","5910",1
"2553","5911",1
"2554","5912",3
"2555","5913",3
"2556","5914",2
"2557","5915",3
"2558","5916",3
"2559","5917",2
"2560","5918",3
"2561","5919",3
"2562","5920",4
"2563","5921",4
"2564","5922",1
"2565","5923",1
"2566","5924",2
"2567","5925",2
"2568","5926",1
"2569","5927",2
"2570","5928",2
"2571","5929",2
"2572","5930",2
"2573","5931",1
"2574","5932",3
"2575","5933",4
"2576","5934",2
"2577","5935",3
"2578","5936",3
"2579","5938",3
"2580","5940",5
"2581","5941",3
"2582","5942",1
"2583","5943",4
"2584","5944",4
"2585","5945",3
"2586","5946",3
"2587","5947",1
"2588","5948",4
"2589","5949",2
"2590","5950",3
"2591","5953",4
"2592","5954",2
"2593","5955",4
"2594","5956",5
"2595","5957",4
"2596","5959",2
"2597","5960",5
"2598","5961",3
"2599","5962",1
"2600","5964",6
"2601","5966",1
"2602","5967",3
"2603","5968",3
"2604","5969",3
"2605","5970",1
"2606","5971",1
"2607","5972",2
"2608","5973",2
"2609","5975",2
"2610","5976",3
"2611","5977",2
"2612","5978",2
"2613","5979",1
"2614","5980",4
"2615","5981",1
"2616","5982",3
"2617","5983",1
"2618","5984",3
"2619","5985",1
"2620","5986",2
"2621","5987",4
"2622","5988",2
"2623","5989",4
"2624","5990",1
"2625","5992",5
"2626","5993",1
"2627","5994",2
"2628","5995",2
"2629","5996",3
"2630","5997",3
"2631","6000",2
"2632","6001",3
"2633","6002",3
"2634","6003",1
"2635","6004",1
"2636","6005",4
"2637","6006",2
"2638","6007",5
"2639","6008",1
"2640","6009",2
"2641","6010",2
"2642","6011",2
"2643","6012",5
"2644","6013",2
"2645","6014",2
"2646","6015",3
"2647","6016",6
"2648","6017",3
"2649","6019",2
"2650","6020",3
"2651","6021",2
"2652","6022",1
"2653","6023",2
"2654","6024",4
"2655","6025",1
"2656","6026",1
"2657","6027",3
"2658","6030",3
"2659","6031",4
"2660","6032",1
"2661","6033",3
"2662","6034",1
"2663","6035",3
"2664","6036",2
"2665","6037",2
"2666","6039",1
"2667","6040",3
"2668","6041",3
"2669","6042",1
"2670","6044",2
"2671","6046",3
"2672","6047",2
"2673","6048",1
"2674","6049",1
"2675","6051",2
"2676","6052",2
"2677","6053",2
"2678","6054",3
"2679","6055",2
"2680","6056",2
"2681","6057",1
"2682","6058",3
"2683","6059",2
"2684","6061",2
"2685","6062",3
"2686","6063",2
"2687","6065",6
"2688","6066",3
"2689","6067",3
"2690","6068",3
"2691","6069",2
"2692","6070",1
"2693","6071",3
"2694","6072",4
"2695","6073",3
"2696","6074",1
"2697","6075",5
"2698","6076",1
"2699","6077",4
"2700","6078",1
"2701","6079",1
"2702","6080",4
"2703","6081",4
"2704","6082",3
"2705","6083",1
"2706","6084",3
"2707","6085",3
"2708","6086",3
"2709","6087",3
"2710","6088",3
"2711","6089",1
"2712","6090",4
"2713","6092",5
"2714","6093",4
"2715","6094",1
"2716","6097",3
"2717","6098",2
"2718","6099",2
"2719","6100",1
"2720","6101",1
"2721","6102",2
"2722","6103",3
"2723","6104",3
"2724","6106",1
"2725","6107",2
"2726","6109",4
"2727","6110",2
"2728","6111",1
"2729","6112",1
"2730","6113",4
"2731","6114",2
"2732","6116",1
"2733","6117",3
"2734","6118",4
"2735","6119",2
"2736","6120",4
"2737","6121",2
"2738","6122",2
"2739","6123",2
"2740","6125",5
"2741","6126",2
"2742","6127",2
"2743","6128",2
"2744","6129",1
"2745","6130",2
"2746","6131",2
"2747","6132",1
"2748","6134",3
"2749","6136",4
"2750","6137",2
"2751","6138",4
"2752","6139",4
"2753","6140",1
"2754","6141",1
"2755","6142",3
"2756","6143",2
"2757","6144",4
"2758","6146",1
"2759","6148",1
"2760","6149",5
"2761","6150",1
"2762","6151",1
"2763","6152",1
"2764","6153",5
"2765","6154",1
"2766","6155",2
"2767","6156",4
"2768","6157",2
"2769","6158",2
"2770","6159",1
"2771","6160",1
"2772","6162",3
"2773","6163",1
"2774","6164",2
"2775","6165",3
"2776","6166",3
"2777","6167",2
"2778","6168",1
"2779","6170",1
"2780","6171",3
"2781","6173",4
"2782","6175",1
"2783","6176",1
"2784","6178",1
"2785","6179",5
"2786","6182",2
"2787","6183",4
"2788","6185",1
"2789","6186",6
"2790","6187",3
"2791","6188",2
"2792","6189",2
"2793","6191",3
"2794","6192",3
"2795","6193",2
"2796","6195",2
"2797","6196",1
"2798","6197",5
"2799","6198",2
"2800","6199",4
"2801","6200",2
"2802","6203",1
"2803","6205",2
"2804","6206",1
"2805","6207",2
"2806","6208",4
"2807","6209",4
"2808","6210",1
"2809","6212",3
"2810","6213",2
"2811","6215",3
"2812","6217",1
"2813","6218",1
"2814","6220",6
"2815","6222",1
"2816","6223",1
"2817","6225",5
"2818","6226",2
"2819","6227",2
"2820","6229",5
"2821","6230",1
"2822","6231",1
"2823","6232",1
"2824","6233",3
"2825","6235",2
"2826","6236",2
"2827","6238",1
"2828","6239",1
"2829","6240",1
"2830","6241",1
"2831","6242",3
"2832","6243",2
"2833","6244",1
"2834","6245",1
"2835","6247",1
"2836","6249",1
"2837","6250",3
"2838","6251",3
"2839","6253",2
"2840","6255",2
"2841","6256",3
"2842","6257",1
"2843","6258",1
"2844","6259",2
"2845","6260",1
"2846","6261",1
"2847","6262",2
"2848","6264",1
"2849","6265",2
"2850","6267",3
"2851","6268",2
"2852","6269",2
"2853","6270",2
"2854","6272",3
"2855","6273",2
"2856","6274",3
"2857","6275",1
"2858","6276",1
"2859","6277",3
"2860","6278",1
"2861","6279",1
"2862","6280",1
"2863","6281",1
"2864","6282",2
"2865","6283",3
"2866","6284",2
"2867","6285",1
"2868","6286",2
"2869","6287",2
"2870","6288",2
"2871","6289",1
"2872","6290",1
"2873","6291",1
"2874","6292",1
"2875","6294",3
"2876","6297",2
"2877","6299",2
"2878","6303",2
"2879","6304",1
"2880","6305",1
"2881","6306",1
"2882","6307",1
"2883","6309",1
"2884","6310",2
"2885","6311",2
"2886","6312",1
"2887","6313",1
"2888","6314",1
"2889","6316",4
"2890","6317",2
"2891","6318",2
"2892","6320",1
"2893","6321",2
"2894","6322",1
"2895","6323",3
"2896","6324",2
"2897","6325",2
"2898","6326",1
"2899","6327",2
"2900","6328",2
"2901","6329",1
"2902","6331",1
"2903","6332",2
"2904","6333",2
"2905","6334",1
"2906","6338",1
"2907","6339",1
"2908","6340",1
"2909","6342",3
"2910","6343",1
"2911","6344",1
"2912","6345",3
"2913","6348",1
"2914","6350",3
"2915","6352",1
"2916","6353",1
"2917","6354",1
"2918","6356",2
"2919","6357",1
"2920","6358",2
"2921","6360",1
"2922","6365",3
"2923","6366",1
"2924","6369",3
"2925","6370",1
"2926","6371",2
"2927","6374",2
"2928","6376",1
"2929","6377",2
"2930","6379",1
"2931","6380",2
"2932","6382",1
"2933","6383",1
"2934","6386",3
"2935","6387",2
"2936","6388",1
"2937","6389",2
"2938","6391",3
"2939","6394",2
"2940","6395",2
"2941","6396",2
"2942","6397",2
"2943","6398",1
"2944","6401",2
"2945","6403",1
"2946","6404",1
"2947","6405",3
"2948","6406",3
"2949","6407",3
"2950","6408",1
"2951","6410",2
"2952","6411",1
"2953","6412",2
"2954","6413",1
"2955","6414",1
"2956","6415",1
"2957","6416",3
"2958","6418",2
"2959","6419",1
"2960","6422",2
"2961","6424",1
"2962","6425",2
"2963","6426",4
"2964","6427",2
"2965","6429",1
"2966","6431",1
"2967","6432",3
"2968","6434",1
"2969","6435",2
"2970","6436",3
"2971","6438",1
"2972","6442",1
"2973","6443",2
"2974","6444",2
"2975","6445",1
"2976","6446",1
"2977","6447",1
"2978","6448",1
"2979","6449",1
"2980","6450",1
"2981","6452",1
"2982","6453",1
"2983","6454",2
"2984","6455",1
"2985","6456",1
"2986","6457",1
"2987","6458",2
"2988","6462",3
"2989","6463",2
"2990","6466",1
"2991","6471",2
"2992","6472",2
"2993","6473",1
"2994","6474",1
"2995","6475",1
"2996","6476",1
"2997","6477",1
"2998","6478",1
"2999","6480",2
"3000","6481",1
"3001","6486",1
"3002","6487",1
"3003","6488",1
"3004","6489",1
"3005","6490",3
"3006","6491",1
"3007","6492",1
"3008","6494",2
"3009","6495",2
"3010","6496",2
"3011","6497",4
"3012","6498",2
"3013","6499",2
"3014","6500",2
"3015","6501",1
"3016","6502",1
"3017","6503",1
"3018","6504",1
"3019","6505",2
"3020","6506",2
"3021","6507",2
"3022","6508",2
"3023","6509",1
"3024","6510",3
"3025","6511",1
"3026","6512",1
"3027","6514",1
"3028","6515",1
"3029","6516",2
"3030","6517",1
"3031","6518",1
"3032","6519",2
"3033","6520",2
"3034","6521",2
"3035","6523",3
"3036","6524",1
"3037","6525",2
"3038","6526",2
"3039","6529",1
"3040","6530",1
"3041","6531",3
"3042","6533",2
"3043","6534",1
"3044","6537",1
"3045","6538",2
"3046","6539",1
"3047","6542",2
"3048","6543",2
"3049","6544",2
"3050","6547",2
"3051","6548",3
"3052","6549",2
"3053","6550",1
"3054","6552",1
"3055","6553",2
"3056","6554",2
"3057","6555",1
"3058","6558",1
"3059","6561",1
"3060","6562",1
"3061","6563",1
"3062","6564",1
"3063","6565",1
"3064","6566",1
"3065","6567",1
"3066","6568",1
"3067","6569",1
"3068","6571",1
"3069","6572",1
"3070","6573",1
"3071","6575",1
"3072","6577",1
"3073","6578",1
"3074","6580",1
"3075","6582",2
"3076","6583",1
"3077","6584",1
"3078","6585",2
"3079","6590",2
"3080","6591",2
"3081","6592",3
"3082","6595",1
"3083","6596",2
"3084","6597",1
"3085","6599",1
"3086","6600",1
"3087","6601",2
"3088","6609",1
"3089","6612",1
"3090","6614",1
"3091","6618",3
"3092","6619",1
"3093","6621",3
"3094","6622",1
"3095","6623",2
"3096","6625",1
"3097","6628",1
"3098","6632",1
"3099","6633",1
"3100","6634",2
"3101","6635",2
"3102","6637",1
"3103","6638",1
"3104","6639",2
"3105","6640",3
"3106","6641",2
"3107","6642",1
"3108","6645",1
"3109","6646",3
"3110","6647",2
"3111","6649",6
"3112","6650",3
"3113","6651",2
"3114","6652",2
"3115","6653",1
"3116","6655",1
"3117","6657",2
"3118","6658",1
"3119","6659",1
"3120","6663",1
"3121","6665",2
"3122","6667",1
"3123","6668",4
"3124","6669",1
"3125","6670",1
"3126","6671",1
"3127","6673",1
"3128","6675",2
"3129","6676",1
"3130","6677",2
"3131","6680",2
"3132","6681",3
"3133","6682",1
"3134","6683",2
"3135","6684",1
"3136","6688",1
"3137","6690",1
"3138","6691",1
"3139","6692",1
"3140","6693",2
"3141","6695",1
"3142","6696",1
"3143","6697",3
"3144","6698",2
"3145","6699",1
"3146","6700",1
"3147","6705",1
"3148","6706",2
"3149","6708",1
"3150","6713",2
"3151","6714",2
"3152","6716",1
"3153","6717",1
"3154","6718",2
"3155","6721",1
"3156","6724",2
"3157","6725",1
"3158","6726",2
"3159","6729",1
"3160","6731",2
"3161","6732",1
"3162","6735",3
"3163","6736",1
"3164","6737",1
"3165","6739",2
"3166","6740",2
"3167","6741",1
"3168","6742",1
"3169","6743",1
"3170","6745",2
"3171","6749",1
"3172","6752",1
"3173","6756",1
"3174","6757",1
"3175","6758",1
"3176","6761",2
"3177","6763",3
"3178","6764",1
"3179","6765",1
"3180","6766",2
"3181","6768",2
"3182","6769",1
"3183","6770",1
"3184","6773",1
"3185","6777",4
"3186","6778",2
"3187","6779",1
"3188","6780",1
"3189","6783",1
"3190","6784",1
"3191","6785",1
"3192","6787",3
"3193","6788",1
"3194","6789",2
"3195","6792",2
"3196","6795",2
"3197","6796",1
"3198","6800",2
"3199","6801",3
"3200","6802",1
"3201","6804",1
"3202","6805",2
"3203","6806",2
"3204","6807",1
"3205","6808",1
"3206","6809",1
"3207","6811",3
"3208","6813",1
"3209","6817",1
"3210","6819",1
"3211","6821",1
"3212","6823",1
"3213","6825",2
"3214","6827",1
"3215","6829",1
"3216","6830",1
"3217","6831",1
"3218","6833",1
"3219","6834",1
"3220","6835",1
"3221","6836",2
"3222","6837",1
"3223","6839",1
"3224","6840",1
"3225","6842",1
"3226","6843",1
"3227","6848",1
"3228","6851",1
"3229","6857",1
"3230","6858",2
"3231","6859",1
"3232","6860",1
"3233","6861",1
"3234","6865",1
"3235","6867",1
"3236","6875",1
"3237","6876",1
"3238","6879",1
"3239","6881",1
"3240","6884",1
"3241","6887",1
"3242","6889",2
"3243","6890",1
"3244","6891",1
"3245","6892",1
"3246","6893",1
"3247","6894",1
"3248","6897",1
"3249","6898",2
"3250","6903",1
"3251","6905",3
"3252","6907",1
"3253","6909",2
"3254","6911",1
"3255","6913",2
"3256","6915",2
"3257","6916",1
"3258","6918",1
"3259","6922",1
"3260","6926",1
"3261","6931",1
"3262","6933",1
"3263","6934",1
"3264","6936",2
"3265","6937",1
"3266","6938",1
"3267","6942",1
"3268","6943",1
"3269","6944",2
"3270","6945",2
"3271","6947",1
"3272","6949",2
"3273","6950",1
"3274","6951",1
"3275","6953",2
"3276","6954",1
"3277","6956",2
"3278","6959",1
"3279","6962",1
"3280","6963",2
"3281","6964",2
"3282","6968",1
"3283","6972",1
"3284","6975",1
"3285","6977",1
"3286","6980",1
"3287","6981",2
"3288","6982",3
"3289","6985",1
"3290","6987",1
"3291","6989",1
"3292","6990",1
"3293","6992",1
"3294","6993",1
"3295","6996",1
"3296","6997",1
"3297","6999",3
"3298","7001",1
"3299","7002",4
"3300","7004",1
"3301","7007",1
"3302","7010",1
"3303","7012",1
"3304","7017",1
"3305","7021",1
"3306","7024",2
"3307","7025",1
"3308","7028",1
"3309","7031",1
"3310","7032",1
"3311","7039",1
"3312","7041",1
"3313","7042",3
"3314","7051",1
"3315","7053",1
"3316","7057",2
"3317","7059",1
"3318","7061",2
"3319","7068",1
"3320","7069",1
"3321","7071",1
"3322","7072",1
"3323","7075",1
"3324","7077",1
"3325","7080",1
"3326","7082",1
"3327","7083",3
"3328","7094",1
"3329","7096",2
"3330","7097",1
"3331","7098",1
"3332","7099",1
"3333","7100",1
"3334","7105",2
"3335","7116",2
"3336","7119",1
"3337","7120",1
"3338","7122",1
"3339","7130",3
"3340","7131",1
"3341","7132",1
"3342","7136",1
"3343","7139",1
"3344","7143",1
"3345","7145",1
"3346","7151",1
"3347","7152",2
"3348","7155",1
"3349","7156",1
"3350","7158",1
"3351","7165",1
"3352","7169",1
"3353","7174",1
"3354","7178",2
"3355","7187",1
"3356","7192",1
"3357","7202",1
"3358","7203",1
"3359","7207",1
"3360","7208",2
"3361","7216",1
"3362","7220",1
"3363","7222",1
"3364","7223",1
"3365","7228",1
"3366","7229",1
"3367","7231",1
"3368","7236",1
"3369","7239",1
"3370","7243",1
"3371","7245",1
"3372","7248",1
"3373","7255",1
"3374","7256",1
"3375","7258",1
"3376","7259",2
"3377","7260",1
"3378","7261",1
"3379","7268",1
"3380","7270",1
"3381","7276",1
"3382","7284",1
"3383","7285",1
"3384","7292",1
"3385","7295",1
"3386","7296",1
"3387","7297",1
"3388","7299",1
"3389","7301",1
"3390","7302",1
"3391","7304",1
"3392","7324",1
"3393","7330",1
"3394","7333",1
"3395","7335",2
"3396","7347",1
"3397","7348",1
"3398","7349",1
"3399","7354",2
"3400","7357",1
"3401","7367",1
"3402","7368",1
"3403","7370",1
"3404","7375",1
"3405","7386",1
"3406","7392",1
"3407","7397",1
"3408","7398",1
"3409","7400",1
"3410","7409",1
"3411","7411",1
"3412","7419",1
"3413","7423",1
"3414","7430",2
"3415","7433",1
"3416","7444",1
"3417","7445",1
"3418","7460",1
"3419","7461",1
"3420","7463",1
"3421","7479",1
"3422","7480",1
"3423","7486",1
"3424","7494",1
"3425","7495",1
"3426","7510",1
"3427","7513",1
"3428","7516",1
"3429","7521",1
"3430","7526",1
"3431","7536",1
"3432","7547",1
"3433","7573",1
"3434","7579",1
"3435","7584",1
"3436","7585",1
"3437","7586",1
"3438","7592",1
"3439","7595",1
"3440","7603",1
"3441","7614",1
"3442","7627",1
"3443","7628",1
"3444","7653",1
"3445","7661",1
"3446","7664",1
"3447","7665",1
"3448","7691",1
"3449","7703",1
"3450","7708",1
"3451","7713",1
"3452","7719",1
"3453","7722",1
"3454","7735",1
"3455","7743",1
"3456","7753",1
"3457","7770",1
"3458","7786",1
"3459","7789",1
"3460","7802",1
"3461","7818",1
"3462","7858",1
"3463","7859",1
"3464","7863",1
"3465","7865",1
"3466","7881",1
"3467","7884",1
"3468","7919",1
"3469","7924",1
"3470","7933",1
"3471","7935",2
"3472","7938",1
"3473","7950",1
"3474","8014",1
"3475","8018",1
"3476","8023",1
"3477","8077",1
"3478","8083",1
"3479","8117",1
"3480","8178",1
"3481","8244",1
"3482","8249",1
"3483","8251",1
"3484","8269",1
"3485","8332",1
"3486","8344",1
"3487","8356",2
"3488","8380",1
"3489","8410",1
"3490","8433",1
"3491","8480",1
"3492","8589",1
"3493","8606",1
"3494","8668",1
"3495","8819",1
"3496","8917",1
"3497","9172",1
"3498","9623",1
"Means","Freq"
"1","4",1
"2","5",48
"3","6",977
"4","7",4080
"5","8",3863
"6","9",972
"7","10",58
"8","11",1
